DateTime,1006,Temp
2021-03-20T12:00:00,7,31.5
2021-03-20T12:30:00,4,32.25
2021-03-20T13:00:00,7,31.35
2021-03-20T13:30:00,2,30.45
2021-03-20T14:00:00,3,30.9
2021-03-20T14:30:00,4,30.65
2021-03-20T15:00:00,9,28.35
2021-03-20T15:30:00,5,26.65
2021-03-20T16:00:00,7,27.9
2021-03-20T16:30:00,6,29.55
2021-03-20T17:00:00,8,29.8
2021-03-20T17:30:00,6,29.45
2021-03-20T18:00:00,9,29.05
2021-03-20T18:30:00,6,29.1
2021-03-20T19:00:00,5,28.75
2021-03-20T19:30:00,3,28.35
2021-03-20T20:00:00,3,28.1
2021-03-20T20:30:00,1,27.95
2021-03-20T21:00:00,0,27.9
2021-03-20T21:30:00,0,27.8
2021-03-20T22:00:00,2,27.75
2021-03-20T22:30:00,0,27.65
2021-03-20T23:00:00,3,27.55
2021-03-20T23:30:00,0,27.45
2021-03-21T00:00:00,1,27.35
2021-03-21T00:30:00,1,27.3
2021-03-21T01:00:00,0,27.2
2021-03-21T01:30:00,0,27.15
2021-03-21T02:00:00,0,27
2021-03-21T02:30:00,0,26.95
2021-03-21T03:00:00,0,26.85
2021-03-21T03:30:00,0,26.7
2021-03-21T04:00:00,0,26.75
2021-03-21T04:30:00,0,26.7
2021-03-21T05:00:00,0,26.55
2021-03-21T05:30:00,0,26.55
2021-03-21T06:00:00,1,26.55
2021-03-21T06:30:00,0,26.5
2021-03-21T07:00:00,3,26.45
2021-03-21T07:30:00,1,26.45
2021-03-21T08:00:00,4,26.85
2021-03-21T08:30:00,5,27.5
2021-03-21T09:00:00,0,27.95
2021-03-21T09:30:00,0,28.6
2021-03-21T10:00:00,2,29.4
2021-03-21T10:30:00,4,29.7
2021-03-21T11:00:00,0,30.35
2021-03-21T11:30:00,2,30.9
2021-03-21T12:00:00,9,31.5
2021-03-21T12:30:00,11,31.5
2021-03-21T13:00:00,12,31.7
2021-03-21T13:30:00,2,32.05
2021-03-21T14:00:00,7,32.85
2021-03-21T14:30:00,4,32.85
2021-03-21T15:00:00,1,32.6
2021-03-21T15:30:00,6,32.25
2021-03-21T16:00:00,8,32
2021-03-21T16:30:00,8,31.4
2021-03-21T17:00:00,8,30.75
2021-03-21T17:30:00,10,30.35
2021-03-21T18:00:00,4,28.75
2021-03-21T18:30:00,5,27.7
2021-03-21T19:00:00,6,27
2021-03-21T19:30:00,2,27.1
2021-03-21T20:00:00,0,27.5
2021-03-21T20:30:00,0,27.8
2021-03-21T21:00:00,0,28.15
2021-03-21T21:30:00,0,28
2021-03-21T22:00:00,0,27.9
2021-03-21T22:30:00,0,27.85
2021-03-21T23:00:00,0,27.85
2021-03-21T23:30:00,0,27.7
2021-03-22T00:00:00,0,27.65
2021-03-22T00:30:00,0,27.6
2021-03-22T01:00:00,0,27.5
2021-03-22T01:30:00,0,27.35
2021-03-22T02:00:00,0,27.2
2021-03-22T02:30:00,1,27.1
2021-03-22T03:00:00,0,27
2021-03-22T03:30:00,1,26.9
2021-03-22T04:00:00,0,27.05
2021-03-22T04:30:00,0,27.15
2021-03-22T05:00:00,0,27.05
2021-03-22T05:30:00,0,27
2021-03-22T06:00:00,0,27.05
2021-03-22T06:30:00,0,27.1
2021-03-22T07:00:00,10,26.9
2021-03-22T07:30:00,10,26.85
2021-03-22T08:00:00,10,27.1
2021-03-22T08:30:00,10,27.65
2021-03-22T09:00:00,6,28.5
2021-03-22T09:30:00,2,28.85
2021-03-22T10:00:00,1,29.4
2021-03-22T10:30:00,5,29.9
2021-03-22T11:00:00,5,30.1
2021-03-22T11:30:00,6,30.65
2021-03-22T12:00:00,5,31.45
2021-03-22T12:30:00,0,31.45
2021-03-22T13:00:00,0,31.8
2021-03-22T13:30:00,7,32.5
2021-03-22T14:00:00,0,31.95
2021-03-22T14:30:00,1,32.55
2021-03-22T15:00:00,3,32.85
2021-03-22T15:30:00,5,32.7
2021-03-22T16:00:00,7,32.7
2021-03-22T16:30:00,8,31.35
2021-03-22T17:00:00,7,30.85
2021-03-22T17:30:00,7,30.6
2021-03-22T18:00:00,4,30.5
2021-03-22T18:30:00,10,29.95
2021-03-22T19:00:00,4,29.45
2021-03-22T19:30:00,0,27.85
2021-03-22T20:00:00,0,27.75
2021-03-22T20:30:00,2,27.6
2021-03-22T21:00:00,1,27.3
2021-03-22T21:30:00,0,27.3
2021-03-22T22:00:00,0,27.2
2021-03-22T22:30:00,2,27.2
2021-03-22T23:00:00,0,27.05
2021-03-22T23:30:00,2,27
2021-03-23T00:00:00,0,27
2021-03-23T00:30:00,0,27.1
2021-03-23T01:00:00,0,27.15
2021-03-23T01:30:00,0,27.1
2021-03-23T02:00:00,0,27.15
2021-03-23T02:30:00,0,27.1
2021-03-23T03:00:00,0,27.2
2021-03-23T03:30:00,0,26.4
2021-03-23T04:00:00,0,25.9
2021-03-23T04:30:00,0,25.9
2021-03-23T05:00:00,0,26.3
2021-03-23T05:30:00,0,26.35
2021-03-23T06:00:00,1,26.3
2021-03-23T06:30:00,4,26.35
2021-03-23T07:00:00,4,26.35
2021-03-23T07:30:00,10,26.4
2021-03-23T08:00:00,7,26.5
2021-03-23T08:30:00,11,26.75
2021-03-23T09:00:00,10,27.35
2021-03-23T09:30:00,3,28.5
2021-03-23T10:00:00,6,29.15
2021-03-23T10:30:00,0,29.8
2021-03-23T11:00:00,7,30.15
2021-03-23T11:30:00,4,30.5
2021-03-23T12:00:00,5,31.65
2021-03-23T12:30:00,4,31.75
2021-03-23T13:00:00,4,31.85
2021-03-23T13:30:00,7,28.6
2021-03-23T14:00:00,8,30.55
2021-03-23T14:30:00,5,31.65
2021-03-23T15:00:00,0,30.1
2021-03-23T15:30:00,3,30.6
2021-03-23T16:00:00,3,29.8
2021-03-23T16:30:00,8,29.05
2021-03-23T17:00:00,7,26.5
2021-03-23T17:30:00,11,26.2
2021-03-23T18:00:00,6,26.2
2021-03-23T18:30:00,6,26.7
2021-03-23T19:00:00,5,27
2021-03-23T19:30:00,2,27.65
2021-03-23T20:00:00,4,27.2
2021-03-23T20:30:00,0,26.7
2021-03-23T21:00:00,2,26.85
2021-03-23T21:30:00,0,27.05
2021-03-23T22:00:00,0,27.1
2021-03-23T22:30:00,0,26.8
2021-03-23T23:00:00,0,27
2021-03-23T23:30:00,0,27.15
2021-03-24T00:00:00,1,27.1
2021-03-24T00:30:00,,26.9
2021-03-24T01:00:00,0,26.8
2021-03-24T01:30:00,0,26.9
2021-03-24T02:00:00,0,26.85
2021-03-24T02:30:00,0,26.75
2021-03-24T03:00:00,0,26.45
2021-03-24T03:30:00,0,26.35
2021-03-24T04:00:00,0,26.35
2021-03-24T04:30:00,0,26.6
2021-03-24T05:00:00,1,26.2
2021-03-24T05:30:00,0,26
2021-03-24T06:00:00,1,26.05
2021-03-24T06:30:00,0,25.95
2021-03-24T07:00:00,8,25.85
2021-03-24T07:30:00,10,25.8
2021-03-24T08:00:00,9,26.3
2021-03-24T08:30:00,10,26.9
2021-03-24T09:00:00,7,27.55
2021-03-24T09:30:00,8,28.05
2021-03-24T10:00:00,9,28.75
2021-03-24T10:30:00,3,29.35
2021-03-24T11:00:00,10,29.95
2021-03-24T11:30:00,8,30.15
2021-03-24T12:00:00,7,29.35
2021-03-24T12:30:00,0,26.45
2021-03-24T13:00:00,2,25.4
2021-03-24T13:30:00,7,26.8
2021-03-24T14:00:00,0,28.65
2021-03-24T14:30:00,3,29.25
2021-03-24T15:00:00,1,28.75
2021-03-24T15:30:00,9,28.55
2021-03-24T16:00:00,3,27.55
2021-03-24T16:30:00,6,26.2
2021-03-24T17:00:00,9,25.95
2021-03-24T17:30:00,2,26
2021-03-24T18:00:00,7,25.85
2021-03-24T18:30:00,3,25.55
2021-03-24T19:00:00,0,25.45
2021-03-24T19:30:00,7,25.55
2021-03-24T20:00:00,2,25.65
2021-03-24T20:30:00,1,25.55
2021-03-24T21:00:00,0,25.7
2021-03-24T21:30:00,1,25.75
2021-03-24T22:00:00,0,25.7
2021-03-24T22:30:00,1,25.7
2021-03-24T23:00:00,1,25.45
2021-03-24T23:30:00,0,25.65
2021-03-25T00:00:00,0,25.7
2021-03-25T00:30:00,0,25.65
2021-03-25T01:00:00,1,25.5
2021-03-25T01:30:00,0,25.5
2021-03-25T02:00:00,0,25.35
2021-03-25T02:30:00,0,25.25
2021-03-25T03:00:00,0,25.2
2021-03-25T03:30:00,0,25.3
2021-03-25T04:00:00,0,25.45
2021-03-25T04:30:00,0,25.35
2021-03-25T05:00:00,0,25.4
2021-03-25T05:30:00,0,25.4
2021-03-25T06:00:00,1,25.5
2021-03-25T06:30:00,2,25.3
2021-03-25T07:00:00,6,25.2
2021-03-25T07:30:00,10,25.4
2021-03-25T08:00:00,8,25.6
2021-03-25T08:30:00,12,25.95
2021-03-25T09:00:00,10,26.4
2021-03-25T09:30:00,5,27
2021-03-25T10:00:00,9,27.4
2021-03-25T10:30:00,5,27.45
2021-03-25T11:00:00,6,27.3
2021-03-25T11:30:00,7,27.6
2021-03-25T12:00:00,5,27.85
2021-03-25T12:30:00,5,28.15
2021-03-25T13:00:00,0,29.2
2021-03-25T13:30:00,7,29
2021-03-25T14:00:00,6,28.65
2021-03-25T14:30:00,4,28.75
2021-03-25T15:00:00,9,28.2
2021-03-25T15:30:00,7,28
2021-03-25T16:00:00,3,27.55
2021-03-25T16:30:00,5,27.25
2021-03-25T17:00:00,7,27.05
2021-03-25T17:30:00,5,27.1
2021-03-25T18:00:00,6,27
2021-03-25T18:30:00,7,26.95
2021-03-25T19:00:00,7,26.95
2021-03-25T19:30:00,4,26.95
2021-03-25T20:00:00,0,26.95
2021-03-25T20:30:00,0,27
2021-03-25T21:00:00,0,27
2021-03-25T21:30:00,0,27
2021-03-25T22:00:00,0,26.95
2021-03-25T22:30:00,0,26.95
2021-03-25T23:00:00,1,26.9
2021-03-25T23:30:00,0,26.85
2021-03-26T00:00:00,0,26.85
2021-03-26T00:30:00,0,26.85
2021-03-26T01:00:00,0,26.85
2021-03-26T01:30:00,0,26.65
2021-03-26T02:00:00,0,26.55
2021-03-26T02:30:00,0,26.4
2021-03-26T03:00:00,0,26.4
2021-03-26T03:30:00,0,26.4
2021-03-26T04:00:00,0,26.3
2021-03-26T04:30:00,0,26.35
2021-03-26T05:00:00,0,26.3
2021-03-26T05:30:00,0,26.3
2021-03-26T06:00:00,2,26.25
2021-03-26T06:30:00,1,26.2
2021-03-26T07:00:00,3,26.25
2021-03-26T07:30:00,10,26.35
2021-03-26T08:00:00,9,26.7
2021-03-26T08:30:00,8,27.05
2021-03-26T09:00:00,1,27.45
2021-03-26T09:30:00,9,27.9
2021-03-26T10:00:00,8,28.7
2021-03-26T10:30:00,5,29.2
2021-03-26T11:00:00,7,30.05
2021-03-26T11:30:00,7,31.15
2021-03-26T12:00:00,6,31.25
2021-03-26T12:30:00,4,31.9
2021-03-26T13:00:00,4,31.75
2021-03-26T13:30:00,5,31.85
2021-03-26T14:00:00,2,31.6
2021-03-26T14:30:00,0,32.65
2021-03-26T15:00:00,5,32.35
2021-03-26T15:30:00,6,32.6
2021-03-26T16:00:00,2,32.35
2021-03-26T16:30:00,9,32.3
2021-03-26T17:00:00,7,32.25
2021-03-26T17:30:00,7,31.3
2021-03-26T18:00:00,3,30.95
2021-03-26T18:30:00,4,30.2
2021-03-26T19:00:00,7,29.6
2021-03-26T19:30:00,9,29.2
2021-03-26T20:00:00,0,28.8
2021-03-26T20:30:00,0,28.6
2021-03-26T21:00:00,0,28.45
2021-03-26T21:30:00,0,28.15
2021-03-26T22:00:00,0,28.05
2021-03-26T22:30:00,0,27.9
2021-03-26T23:00:00,2,27.75
2021-03-26T23:30:00,0,27.7
2021-03-27T00:00:00,1,27.65
2021-03-27T00:30:00,1,27.5
2021-03-27T01:00:00,0,27.45
2021-03-27T01:30:00,0,27.45
2021-03-27T02:00:00,1,27.35
2021-03-27T02:30:00,0,27.2
2021-03-27T03:00:00,0,27.2
2021-03-27T03:30:00,0,27.1
2021-03-27T04:00:00,0,27
2021-03-27T04:30:00,0,26.95
2021-03-27T05:00:00,0,27
2021-03-27T05:30:00,0,26.95
2021-03-27T06:00:00,0,26.9
2021-03-27T06:30:00,0,26.95
2021-03-27T07:00:00,1,26.9
2021-03-27T07:30:00,4,26.95
2021-03-27T08:00:00,0,27.25
2021-03-27T08:30:00,1,27.95
2021-03-27T09:00:00,4,28.35
2021-03-27T09:30:00,6,28.8
2021-03-27T10:00:00,10,29.2
2021-03-27T10:30:00,9,30.25
2021-03-27T11:00:00,5,31.3
2021-03-27T11:30:00,9,26.45
2021-03-27T12:00:00,9,25.9
2021-03-27T12:30:00,6,25.95
2021-03-27T13:00:00,7,25.8
2021-03-27T13:30:00,9,25.55
2021-03-27T14:00:00,4,25.6
2021-03-27T14:30:00,7,26.3
2021-03-27T15:00:00,5,27.05
2021-03-27T15:30:00,8,27.8
2021-03-27T16:00:00,3,29.8
2021-03-27T16:30:00,3,29.15
2021-03-27T17:00:00,6,30.05
2021-03-27T17:30:00,5,29.15
2021-03-27T18:00:00,9,28.75
2021-03-27T18:30:00,9,28.45
2021-03-27T19:00:00,6,28.3
2021-03-27T19:30:00,6,28.1
2021-03-27T20:00:00,1,27.75
2021-03-27T20:30:00,2,27.7
2021-03-27T21:00:00,3,27.65
2021-03-27T21:30:00,2,27.5
2021-03-27T22:00:00,0,27.4
2021-03-27T22:30:00,0,27.15
2021-03-27T23:00:00,0,27.15
2021-03-27T23:30:00,0,26.85
2021-03-28T00:00:00,1,26.8
2021-03-28T00:30:00,0,26.6
2021-03-28T01:00:00,0,26.4
2021-03-28T01:30:00,0,26.35
2021-03-28T02:00:00,0,26.2
2021-03-28T02:30:00,0,26.1
2021-03-28T03:00:00,0,26.25
2021-03-28T03:30:00,0,26.3
2021-03-28T04:00:00,0,26.4
2021-03-28T04:30:00,0,26.4
2021-03-28T05:00:00,0,26.4
2021-03-28T05:30:00,0,26.1
2021-03-28T06:00:00,0,26.05
2021-03-28T06:30:00,0,25.85
2021-03-28T07:00:00,1,26
2021-03-28T07:30:00,1,26.45
2021-03-28T08:00:00,4,27.1
2021-03-28T08:30:00,1,27.9
2021-03-28T09:00:00,6,28.6
2021-03-28T09:30:00,0,29.1
2021-03-28T10:00:00,4,29.95
2021-03-28T10:30:00,6,30.2
2021-03-28T11:00:00,2,30.3
2021-03-28T11:30:00,6,30.55
2021-03-28T12:00:00,4,30.7
2021-03-28T12:30:00,7,30.85
2021-03-28T13:00:00,8,30.95
2021-03-28T13:30:00,6,31.7
2021-03-28T14:00:00,6,32.35
2021-03-28T14:30:00,6,31.85
2021-03-28T15:00:00,8,32.2
2021-03-28T15:30:00,4,32.25
2021-03-28T16:00:00,0,31.2
2021-03-28T16:30:00,8,31.65
2021-03-28T17:00:00,8,32.3
2021-03-28T17:30:00,10,31.25
2021-03-28T18:00:00,7,30.5
2021-03-28T18:30:00,8,30.3
2021-03-28T19:00:00,5,29.8
2021-03-28T19:30:00,2,29.35
2021-03-28T20:00:00,0,29.15
2021-03-28T20:30:00,1,29
2021-03-28T21:00:00,3,28.9
2021-03-28T21:30:00,0,28.75
2021-03-28T22:00:00,2,28.65
2021-03-28T22:30:00,0,28.55
2021-03-28T23:00:00,0,28.5
2021-03-28T23:30:00,1,28.45
2021-03-29T00:00:00,0,28.4
2021-03-29T00:30:00,0,28.35
2021-03-29T01:00:00,0,28.3
2021-03-29T01:30:00,0,28.15
2021-03-29T02:00:00,0,28.05
2021-03-29T02:30:00,0,28
2021-03-29T03:00:00,0,27.85
2021-03-29T03:30:00,0,27.75
2021-03-29T04:00:00,0,27.7
2021-03-29T04:30:00,0,27.6
2021-03-29T05:00:00,0,27.4
2021-03-29T05:30:00,0,27.5
2021-03-29T06:00:00,0,27.45
2021-03-29T06:30:00,0,27.25
2021-03-29T07:00:00,7,26.95
2021-03-29T07:30:00,11,27.2
2021-03-29T08:00:00,12,27.7
2021-03-29T08:30:00,9,28.2
2021-03-29T09:00:00,9,28.5
2021-03-29T09:30:00,9,28.5
2021-03-29T10:00:00,11,29.3
2021-03-29T10:30:00,4,30.1
2021-03-29T11:00:00,7,30.75
2021-03-29T11:30:00,1,30.85
2021-03-29T12:00:00,5,30.85
2021-03-29T12:30:00,3,29.25
2021-03-29T13:00:00,5,25.05
2021-03-29T13:30:00,0,24.8
2021-03-29T14:00:00,1,24.85
2021-03-29T14:30:00,2,24
2021-03-29T15:00:00,0,23.2
2021-03-29T15:30:00,1,23.95
2021-03-29T16:00:00,1,24.75
2021-03-29T16:30:00,2,25.45
2021-03-29T17:00:00,6,25.85
2021-03-29T17:30:00,7,26.6
2021-03-29T18:00:00,4,26.85
2021-03-29T18:30:00,5,26.9
2021-03-29T19:00:00,5,26.65
2021-03-29T19:30:00,3,26.55
2021-03-29T20:00:00,0,26.5
2021-03-29T20:30:00,0,26.3
2021-03-29T21:00:00,0,26.3
2021-03-29T21:30:00,0,26.35
2021-03-29T22:00:00,0,26.25
2021-03-29T22:30:00,0,26.35
2021-03-29T23:00:00,0,26.15
2021-03-29T23:30:00,1,26.15
2021-03-30T00:00:00,0,26.2
2021-03-30T00:30:00,0,26.15
2021-03-30T01:00:00,0,26.25
2021-03-30T01:30:00,0,26.2
2021-03-30T02:00:00,0,26.1
2021-03-30T02:30:00,0,26.15
2021-03-30T03:00:00,0,26.15
2021-03-30T03:30:00,0,26.15
2021-03-30T04:00:00,0,26.2
2021-03-30T04:30:00,0,26.2
2021-03-30T05:00:00,0,26
2021-03-30T05:30:00,0,26
2021-03-30T06:00:00,1,25.85
2021-03-30T06:30:00,1,25.85
2021-03-30T07:00:00,7,25.85
2021-03-30T07:30:00,8,26.05
2021-03-30T08:00:00,4,26.55
2021-03-30T08:30:00,7,27.3
2021-03-30T09:00:00,6,28.15
2021-03-30T09:30:00,7,28.9
2021-03-30T10:00:00,11,29.6
2021-03-30T10:30:00,8,30.1
2021-03-30T11:00:00,5,30.75
2021-03-30T11:30:00,5,31.45
2021-03-30T12:00:00,4,31.85
2021-03-30T12:30:00,4,31.6
2021-03-30T13:00:00,5,31.9
2021-03-30T13:30:00,2,32.3
2021-03-30T14:00:00,3,31.8
2021-03-30T14:30:00,0,32.35
2021-03-30T15:00:00,5,32.8
2021-03-30T15:30:00,5,31.7
2021-03-30T16:00:00,4,30.7
2021-03-30T16:30:00,0,32.55
2021-03-30T17:00:00,4,32.45
2021-03-30T17:30:00,7,30.75
2021-03-30T18:00:00,4,30.2
2021-03-30T18:30:00,5,29.4
2021-03-30T19:00:00,11,28.7
2021-03-30T19:30:00,2,28.15
2021-03-30T20:00:00,1,27.55
2021-03-30T20:30:00,0,27.2
2021-03-30T21:00:00,2,27.1
2021-03-30T21:30:00,1,27.2
2021-03-30T22:00:00,3,27.2
2021-03-30T22:30:00,0,27.35
2021-03-30T23:00:00,0,27.35
2021-03-30T23:30:00,0,27.65
2021-03-31T00:00:00,0,27.65
2021-03-31T00:30:00,0,27.4
2021-03-31T01:00:00,0,27.35
2021-03-31T01:30:00,0,27.4
2021-03-31T02:00:00,0,27.3
2021-03-31T02:30:00,0,27.5
2021-03-31T03:00:00,0,26.95
2021-03-31T03:30:00,0,23.95
2021-03-31T04:00:00,0,23.55
2021-03-31T04:30:00,0,23.75
2021-03-31T05:00:00,0,24.1
2021-03-31T05:30:00,0,24.2
2021-03-31T06:00:00,0,24.45
2021-03-31T06:30:00,0,24.65
2021-03-31T07:00:00,2,24.65
2021-03-31T07:30:00,11,24.9
2021-03-31T08:00:00,9,25.25
2021-03-31T08:30:00,11,25.55
2021-03-31T09:00:00,9,26
2021-03-31T09:30:00,11,26.75
2021-03-31T10:00:00,7,27.6
2021-03-31T10:30:00,12,29.1
2021-03-31T11:00:00,4,29.65
2021-03-31T11:30:00,1,29.9
2021-03-31T12:00:00,1,30.6
2021-03-31T12:30:00,8,31.95
2021-03-31T13:00:00,0,32.25
2021-03-31T13:30:00,3,32.55
2021-03-31T14:00:00,4,32.4
2021-03-31T14:30:00,2,32.75
2021-03-31T15:00:00,6,33.2
2021-03-31T15:30:00,4,32.85
2021-03-31T16:00:00,5,33.45
2021-03-31T16:30:00,0,33.55
2021-03-31T17:00:00,6,33.25
2021-03-31T17:30:00,0,33
2021-03-31T18:00:00,0,32.9
2021-03-31T18:30:00,5,32.55
2021-03-31T19:00:00,4,31.6
2021-03-31T19:30:00,5,31.1
2021-03-31T20:00:00,0,30.65
2021-03-31T20:30:00,0,30.55
2021-03-31T21:00:00,1,30.45
2021-03-31T21:30:00,0,30.45
2021-03-31T22:00:00,1,30.25
2021-03-31T22:30:00,0,30.05
2021-03-31T23:00:00,0,30
2021-03-31T23:30:00,0,29.7
2021-04-01T00:00:00,0,29.2
2021-04-01T00:30:00,0,29
2021-04-01T01:00:00,0,29.15
2021-04-01T01:30:00,0,29.35
2021-04-01T02:00:00,0,29.75
2021-04-01T02:30:00,0,29.75
2021-04-01T03:00:00,0,29.55
2021-04-01T03:30:00,1,29.15
2021-04-01T04:00:00,0,29.05
2021-04-01T04:30:00,0,28.85
2021-04-01T05:00:00,0,28.5
2021-04-01T05:30:00,0,28.65
2021-04-01T06:00:00,0,28.4
2021-04-01T06:30:00,0,28.4
2021-04-01T07:00:00,7,28.5
2021-04-01T07:30:00,8,28.35
2021-04-01T08:00:00,12,28.6
2021-04-01T08:30:00,9,29.2
2021-04-01T09:00:00,7,29.85
2021-04-01T09:30:00,10,30.4
2021-04-01T10:00:00,9,30.45
2021-04-01T10:30:00,8,30.6
2021-04-01T11:00:00,1,30.9
2021-04-01T11:30:00,8,31.6
2021-04-01T12:00:00,3,31.8
2021-04-01T12:30:00,6,32.15
2021-04-01T13:00:00,4,32.55
2021-04-01T13:30:00,7,33.1
2021-04-01T14:00:00,1,33.75
2021-04-01T14:30:00,2,33.2
2021-04-01T15:00:00,5,32.75
2021-04-01T15:30:00,5,33.35
2021-04-01T16:00:00,5,32.9
2021-04-01T16:30:00,4,33.65
2021-04-01T17:00:00,1,33.4
2021-04-01T17:30:00,11,33
2021-04-01T18:00:00,7,32.65
2021-04-01T18:30:00,7,32.05
2021-04-01T19:00:00,9,31.55
2021-04-01T19:30:00,2,31.3
2021-04-01T20:00:00,4,31
2021-04-01T20:30:00,1,31
2021-04-01T21:00:00,3,30.95
2021-04-01T21:30:00,0,30.45
2021-04-01T22:00:00,0,30.35
2021-04-01T22:30:00,0,30.2
2021-04-01T23:00:00,1,30.25
2021-04-01T23:30:00,0,30.2
2021-04-02T00:00:00,0,29.75
2021-04-02T00:30:00,0,29.3
2021-04-02T01:00:00,0,29.35
2021-04-02T01:30:00,0,29.25
2021-04-02T02:00:00,0,29.05
2021-04-02T02:30:00,0,28.9
2021-04-02T03:00:00,0,28.7
2021-04-02T03:30:00,0,28.4
2021-04-02T04:00:00,0,28.05
2021-04-02T04:30:00,0,28.25
2021-04-02T05:00:00,0,27.85
2021-04-02T05:30:00,0,27.85
2021-04-02T06:00:00,0,27.75
2021-04-02T06:30:00,0,27.8
2021-04-02T07:00:00,0,27.7
2021-04-02T07:30:00,1,27.75
2021-04-02T08:00:00,1,28.25
2021-04-02T08:30:00,0,28.8
2021-04-02T09:00:00,10,29.35
2021-04-02T09:30:00,7,29.85
2021-04-02T10:00:00,8,30.3
2021-04-02T10:30:00,3,31.1
2021-04-02T11:00:00,1,31.6
2021-04-02T11:30:00,10,32.6
2021-04-02T12:00:00,6,32.55
2021-04-02T12:30:00,6,32.75
2021-04-02T13:00:00,0,33
2021-04-02T13:30:00,0,33.1
2021-04-02T14:00:00,4,32.2
2021-04-02T14:30:00,1,31.9
2021-04-02T15:00:00,7,32.6
2021-04-02T15:30:00,4,32.35
2021-04-02T16:00:00,8,32
2021-04-02T16:30:00,7,32.55
2021-04-02T17:00:00,7,31.95
2021-04-02T17:30:00,4,29.4
2021-04-02T18:00:00,9,29.4
2021-04-02T18:30:00,4,27.55
2021-04-02T19:00:00,0,26
2021-04-02T19:30:00,2,25.4
2021-04-02T20:00:00,1,25.95
2021-04-02T20:30:00,0,26.25
2021-04-02T21:00:00,0,26.8
2021-04-02T21:30:00,0,27.15
2021-04-02T22:00:00,0,25.15
2021-04-02T22:30:00,0,25.3
2021-04-02T23:00:00,0,25.5
2021-04-02T23:30:00,0,25.75
2021-04-03T00:00:00,0,26.3
2021-04-03T00:30:00,0,26.6
2021-04-03T01:00:00,0,26.8
2021-04-03T01:30:00,1,26.95
2021-04-03T02:00:00,0,27.1
2021-04-03T02:30:00,0,27.15
2021-04-03T03:00:00,0,27.3
2021-04-03T03:30:00,0,27.3
2021-04-03T04:00:00,0,26.95
2021-04-03T04:30:00,0,26.8
2021-04-03T05:00:00,0,26.65
2021-04-03T05:30:00,0,26.7
2021-04-03T06:00:00,0,26.65
2021-04-03T06:30:00,0,26.85
2021-04-03T07:00:00,1,26.85
2021-04-03T07:30:00,5,27
2021-04-03T08:00:00,1,27.15
2021-04-03T08:30:00,5,27.5
2021-04-03T09:00:00,7,27.8
2021-04-03T09:30:00,7,28.3
2021-04-03T10:00:00,8,29.5
2021-04-03T10:30:00,5,30.55
2021-04-03T11:00:00,8,31.1
2021-04-03T11:30:00,5,31.55
2021-04-03T12:00:00,2,31.95
2021-04-03T12:30:00,7,31.5
2021-04-03T13:00:00,6,32
2021-04-03T13:30:00,5,32.3
2021-04-03T14:00:00,7,32.35
2021-04-03T14:30:00,6,31.25
2021-04-03T15:00:00,5,30.6
2021-04-03T15:30:00,9,27.55
2021-04-03T16:00:00,3,25.95
2021-04-03T16:30:00,4,26.8
2021-04-03T17:00:00,11,27.3
2021-04-03T17:30:00,10,27.65
2021-04-03T18:00:00,3,27.75
2021-04-03T18:30:00,7,27.3
2021-04-03T19:00:00,6,27.25
2021-04-03T19:30:00,6,26.9
2021-04-03T20:00:00,6,26.95
2021-04-03T20:30:00,1,27.05
2021-04-03T21:00:00,2,27.3
2021-04-03T21:30:00,3,27.4
2021-04-03T22:00:00,1,27.4
2021-04-03T22:30:00,0,27.45
2021-04-03T23:00:00,1,27.35
2021-04-03T23:30:00,0,27.4
2021-04-04T00:00:00,0,27.35
2021-04-04T00:30:00,0,26.4
2021-04-04T01:00:00,0,24.4
2021-04-04T01:30:00,0,24.6
2021-04-04T02:00:00,0,24.9
2021-04-04T02:30:00,0,25.05
2021-04-04T03:00:00,0,25.45
2021-04-04T03:30:00,0,25.7
2021-04-04T04:00:00,0,25.9
2021-04-04T04:30:00,0,26.05
2021-04-04T05:00:00,0,25.95
2021-04-04T05:30:00,0,25.55
2021-04-04T06:00:00,0,25.4
2021-04-04T06:30:00,0,25.55
2021-04-04T07:00:00,0,25.5
2021-04-04T07:30:00,3,25.65
2021-04-04T08:00:00,4,25.9
2021-04-04T08:30:00,4,26.25
2021-04-04T09:00:00,2,26.75
2021-04-04T09:30:00,5,27.35
2021-04-04T10:00:00,6,27.95
2021-04-04T10:30:00,6,29.3
2021-04-04T11:00:00,7,30.35
2021-04-04T11:30:00,7,29.6
2021-04-04T12:00:00,8,29.4
2021-04-04T12:30:00,9,29.8
2021-04-04T13:00:00,4,29.65
2021-04-04T13:30:00,8,29.8
2021-04-04T14:00:00,3,30.85
2021-04-04T14:30:00,3,29.45
2021-04-04T15:00:00,2,29.5
2021-04-04T15:30:00,8,29.4
2021-04-04T16:00:00,8,29
2021-04-04T16:30:00,7,29.6
2021-04-04T17:00:00,4,29.85
2021-04-04T17:30:00,8,30
2021-04-04T18:00:00,1,29.65
2021-04-04T18:30:00,7,29.5
2021-04-04T19:00:00,6,29.2
2021-04-04T19:30:00,3,29.05
2021-04-04T20:00:00,2,28.65
2021-04-04T20:30:00,0,28.8
2021-04-04T21:00:00,0,28.75
2021-04-04T21:30:00,1,28.65
2021-04-04T22:00:00,0,28.7
2021-04-04T22:30:00,0,28.75
2021-04-04T23:00:00,1,28.6
2021-04-04T23:30:00,1,28.3
2021-04-05T00:00:00,0,28.35
2021-04-05T00:30:00,0,28.2
2021-04-05T01:00:00,0,28.15
2021-04-05T01:30:00,0,28.2
2021-04-05T02:00:00,0,28.3
2021-04-05T02:30:00,0,28.2
2021-04-05T03:00:00,0,27.95
2021-04-05T03:30:00,0,27.65
2021-04-05T04:00:00,0,27.45
2021-04-05T04:30:00,0,27.35
2021-04-05T05:00:00,0,27.35
2021-04-05T05:30:00,0,27.4
2021-04-05T06:00:00,0,27.4
2021-04-05T06:30:00,0,27.3
2021-04-05T07:00:00,10,27.4
2021-04-05T07:30:00,8,27.35
2021-04-05T08:00:00,11,27.55
2021-04-05T08:30:00,11,28.05
2021-04-05T09:00:00,8,28.45
2021-04-05T09:30:00,4,29.55
2021-04-05T10:00:00,4,30.6
2021-04-05T10:30:00,6,31.1
2021-04-05T11:00:00,10,31.25
2021-04-05T11:30:00,5,32.15
2021-04-05T12:00:00,7,31.05
2021-04-05T12:30:00,7,30.1
2021-04-05T13:00:00,4,29.55
2021-04-05T13:30:00,7,29.6
2021-04-05T14:00:00,0,29.75
2021-04-05T14:30:00,1,27.7
2021-04-05T15:00:00,0,24.6
2021-04-05T15:30:00,7,25.05
2021-04-05T16:00:00,5,25.25
2021-04-05T16:30:00,6,25.6
2021-04-05T17:00:00,7,25.7
2021-04-05T17:30:00,6,26.1
2021-04-05T18:00:00,3,26.15
2021-04-05T18:30:00,6,26.1
2021-04-05T19:00:00,4,26.05
2021-04-05T19:30:00,6,25.95
2021-04-05T20:00:00,2,25.95
2021-04-05T20:30:00,1,25.85
2021-04-05T21:00:00,0,25.75
2021-04-05T21:30:00,0,26.15
2021-04-05T22:00:00,1,26.15
2021-04-05T22:30:00,0,26
2021-04-05T23:00:00,2,26.3
2021-04-05T23:30:00,1,26.6
2021-04-06T00:00:00,0,26.4
2021-04-06T00:30:00,0,26.4
2021-04-06T01:00:00,0,26.75
2021-04-06T01:30:00,0,26.3
2021-04-06T02:00:00,0,26.35
2021-04-06T02:30:00,0,26.3
2021-04-06T03:00:00,0,26.6
2021-04-06T03:30:00,0,26.45
2021-04-06T04:00:00,0,26.1
2021-04-06T04:30:00,0,26.3
2021-04-06T05:00:00,1,26.15
2021-04-06T05:30:00,0,26.45
2021-04-06T06:00:00,0,26.3
2021-04-06T06:30:00,0,26.35
2021-04-06T07:00:00,7,26.45
2021-04-06T07:30:00,6,26.45
2021-04-06T08:00:00,12,26.95
2021-04-06T08:30:00,9,27.8
2021-04-06T09:00:00,8,28.9
2021-04-06T09:30:00,10,29.05
2021-04-06T10:00:00,6,29.3
2021-04-06T10:30:00,9,29.6
2021-04-06T11:00:00,7,30
2021-04-06T11:30:00,4,30.55
2021-04-06T12:00:00,0,31.2
2021-04-06T12:30:00,5,31.55
2021-04-06T13:00:00,3,31.45
2021-04-06T13:30:00,3,32.05
2021-04-06T14:00:00,2,30.15
2021-04-06T14:30:00,5,30.15
2021-04-06T15:00:00,1,29.3
2021-04-06T15:30:00,0,27.05
2021-04-06T16:00:00,5,27.15
2021-04-06T16:30:00,6,27.9
2021-04-06T17:00:00,9,28.7
2021-04-06T17:30:00,12,28.75
2021-04-06T18:00:00,3,28.9
2021-04-06T18:30:00,7,29.15
2021-04-06T19:00:00,7,28.9
2021-04-06T19:30:00,0,28.85
2021-04-06T20:00:00,0,28.7
2021-04-06T20:30:00,0,28.5
2021-04-06T21:00:00,5,28.25
2021-04-06T21:30:00,0,28.25
2021-04-06T22:00:00,0,28.15
2021-04-06T22:30:00,0,28.05
2021-04-06T23:00:00,1,28
2021-04-06T23:30:00,0,28
2021-04-07T00:00:00,1,28.05
2021-04-07T00:30:00,0,27.95
2021-04-07T01:00:00,0,27.9
2021-04-07T01:30:00,0,27.7
2021-04-07T02:00:00,0,27.55
2021-04-07T02:30:00,0,27.65
2021-04-07T03:00:00,0,27.45
2021-04-07T03:30:00,0,27.4
2021-04-07T04:00:00,0,27.25
2021-04-07T04:30:00,0,27.1
2021-04-07T05:00:00,0,27.1
2021-04-07T05:30:00,0,27.05
2021-04-07T06:00:00,0,26.65
2021-04-07T06:30:00,0,25.85
2021-04-07T07:00:00,8,25.9
2021-04-07T07:30:00,7,25.85
2021-04-07T08:00:00,6,26.65
2021-04-07T08:30:00,11,27.45
2021-04-07T09:00:00,11,27.3
2021-04-07T09:30:00,6,27.85
2021-04-07T10:00:00,4,28.5
2021-04-07T10:30:00,2,29.4
2021-04-07T11:00:00,0,30.55
2021-04-07T11:30:00,4,30.3
2021-04-07T12:00:00,1,31
2021-04-07T12:30:00,5,31.2
2021-04-07T13:00:00,5,32.2
2021-04-07T13:30:00,6,32.55
2021-04-07T14:00:00,2,32.2
2021-04-07T14:30:00,7,32.05
2021-04-07T15:00:00,0,31.95
2021-04-07T15:30:00,0,31.95
2021-04-07T16:00:00,0,32.45
2021-04-07T16:30:00,6,32.7
2021-04-07T17:00:00,5,31.45
2021-04-07T17:30:00,6,31.1
2021-04-07T18:00:00,6,30.7
2021-04-07T18:30:00,8,30.35
2021-04-07T19:00:00,2,30.05
2021-04-07T19:30:00,2,29.75
2021-04-07T20:00:00,0,29.5
2021-04-07T20:30:00,0,29.25
2021-04-07T21:00:00,1,28.95
2021-04-07T21:30:00,0,28.8
2021-04-07T22:00:00,0,28.9
2021-04-07T22:30:00,0,28.85
2021-04-07T23:00:00,1,28.75
2021-04-07T23:30:00,0,28.6
2021-04-08T00:00:00,0,28.35
2021-04-08T00:30:00,0,28.4
2021-04-08T01:00:00,0,28.3
2021-04-08T01:30:00,0,28.2
2021-04-08T02:00:00,0,28.1
2021-04-08T02:30:00,1,27.85
2021-04-08T03:00:00,0,27.35
2021-04-08T03:30:00,0,26.95
2021-04-08T04:00:00,0,26.85
2021-04-08T04:30:00,0,26.65
2021-04-08T05:00:00,0,26.35
2021-04-08T05:30:00,0,26.4
2021-04-08T06:00:00,0,26.45
2021-04-08T06:30:00,0,26.25
2021-04-08T07:00:00,8,26.35
2021-04-08T07:30:00,11,26.6
2021-04-08T08:00:00,12,26.8
2021-04-08T08:30:00,8,27.65
2021-04-08T09:00:00,7,28.6
2021-04-08T09:30:00,8,29
2021-04-08T10:00:00,7,29.65
2021-04-08T10:30:00,4,30.1
2021-04-08T11:00:00,1,30.6
2021-04-08T11:30:00,5,31
2021-04-08T12:00:00,2,31.5
2021-04-08T12:30:00,7,31.45
2021-04-08T13:00:00,5,31.85
2021-04-08T13:30:00,0,31.85
2021-04-08T14:00:00,4,32.3
2021-04-08T14:30:00,6,32.6
2021-04-08T15:00:00,7,32.2
2021-04-08T15:30:00,5,32.4
2021-04-08T16:00:00,6,31.55
2021-04-08T16:30:00,4,31.2
2021-04-08T17:00:00,6,29.6
2021-04-08T17:30:00,8,27.75
2021-04-08T18:00:00,4,27.4
2021-04-08T18:30:00,3,26.95
2021-04-08T19:00:00,5,27.1
2021-04-08T19:30:00,0,27.4
2021-04-08T20:00:00,0,27.8
2021-04-08T20:30:00,0,28.1
2021-04-08T21:00:00,0,28
2021-04-08T21:30:00,0,27.95
2021-04-08T22:00:00,1,28
2021-04-08T22:30:00,0,28.15
2021-04-08T23:00:00,2,28.15
2021-04-08T23:30:00,0,28.3
2021-04-09T00:00:00,1,28.2
2021-04-09T00:30:00,0,28.2
2021-04-09T01:00:00,0,28.15
2021-04-09T01:30:00,0,28
2021-04-09T02:00:00,0,27.95
2021-04-09T02:30:00,0,27.85
2021-04-09T03:00:00,0,28
2021-04-09T03:30:00,0,28
2021-04-09T04:00:00,0,27.85
2021-04-09T04:30:00,0,27.85
2021-04-09T05:00:00,0,27.05
2021-04-09T05:30:00,0,25.4
2021-04-09T06:00:00,0,25.15
2021-04-09T06:30:00,0,25.4
2021-04-09T07:00:00,4,25.6
2021-04-09T07:30:00,10,25.75
2021-04-09T08:00:00,9,26.55
2021-04-09T08:30:00,6,27.65
2021-04-09T09:00:00,12,28.2
2021-04-09T09:30:00,7,28.75
2021-04-09T10:00:00,11,29.05
2021-04-09T10:30:00,4,29.95
2021-04-09T11:00:00,4,30.6
2021-04-09T11:30:00,1,30.5
2021-04-09T12:00:00,3,31.3
2021-04-09T12:30:00,0,31
2021-04-09T13:00:00,6,31.2
2021-04-09T13:30:00,1,32.05
2021-04-09T14:00:00,4,32.25
2021-04-09T14:30:00,6,31.4
2021-04-09T15:00:00,6,30.8
2021-04-09T15:30:00,7,30.5
2021-04-09T16:00:00,8,26.5
2021-04-09T16:30:00,7,26.7
2021-04-09T17:00:00,6,26.5
2021-04-09T17:30:00,5,26.75
2021-04-09T18:00:00,5,27.3
2021-04-09T18:30:00,8,27.55
2021-04-09T19:00:00,12,27.8
2021-04-09T19:30:00,2,28.2
2021-04-09T20:00:00,4,28.25
2021-04-09T20:30:00,5,28.45
2021-04-09T21:00:00,0,28.6
2021-04-09T21:30:00,1,28.4
2021-04-09T22:00:00,0,28.35
2021-04-09T22:30:00,0,28.15
2021-04-09T23:00:00,0,28.05
2021-04-09T23:30:00,0,28.05
2021-04-10T00:00:00,0,28.15
2021-04-10T00:30:00,0,28.1
2021-04-10T01:00:00,0,28.05
2021-04-10T01:30:00,0,27.75
2021-04-10T02:00:00,0,27.45
2021-04-10T02:30:00,0,27.5
2021-04-10T03:00:00,0,27.4
2021-04-10T03:30:00,1,27.4
2021-04-10T04:00:00,0,27.2
2021-04-10T04:30:00,0,27.05
2021-04-10T05:00:00,0,26.75
2021-04-10T05:30:00,0,26.65
2021-04-10T06:00:00,0,26.7
2021-04-10T06:30:00,0,26.8
2021-04-10T07:00:00,2,26.8
2021-04-10T07:30:00,3,27.05
2021-04-10T08:00:00,5,27.75
2021-04-10T08:30:00,7,28.2
2021-04-10T09:00:00,5,28.4
2021-04-10T09:30:00,9,28.65
2021-04-10T10:00:00,7,29.5
2021-04-10T10:30:00,6,29.85
2021-04-10T11:00:00,11,30.25
2021-04-10T11:30:00,7,31.2
2021-04-10T12:00:00,3,31.2
2021-04-10T12:30:00,5,31.8
2021-04-10T13:00:00,1,32.4
2021-04-10T13:30:00,1,31.95
2021-04-10T14:00:00,3,32.15
2021-04-10T14:30:00,7,32
2021-04-10T15:00:00,8,32.7
2021-04-10T15:30:00,3,32.4
2021-04-10T16:00:00,3,32.1
2021-04-10T16:30:00,6,32.5
2021-04-10T17:00:00,7,32.5
2021-04-10T17:30:00,7,32.35
2021-04-10T18:00:00,6,31.8
2021-04-10T18:30:00,7,31.15
2021-04-10T19:00:00,4,30.45
2021-04-10T19:30:00,3,29.95
2021-04-10T20:00:00,0,29.55
2021-04-10T20:30:00,3,29.25
2021-04-10T21:00:00,0,28.95
2021-04-10T21:30:00,1,28.8
2021-04-10T22:00:00,1,28.7
2021-04-10T22:30:00,0,28.65
2021-04-10T23:00:00,0,28.55
2021-04-10T23:30:00,0,28.4
2021-04-11T00:00:00,0,28.35
2021-04-11T00:30:00,0,28.3
2021-04-11T01:00:00,0,28.2
2021-04-11T01:30:00,0,28.15
2021-04-11T02:00:00,0,28
2021-04-11T02:30:00,0,27.95
2021-04-11T03:00:00,0,27.8
2021-04-11T03:30:00,0,27.7
2021-04-11T04:00:00,0,27.65
2021-04-11T04:30:00,0,27.6
2021-04-11T05:00:00,0,27.55
2021-04-11T05:30:00,0,27.6
2021-04-11T06:00:00,0,27.55
2021-04-11T06:30:00,0,27.55
2021-04-11T07:00:00,2,27.4
2021-04-11T07:30:00,6,27.45
2021-04-11T08:00:00,0,27.9
2021-04-11T08:30:00,5,28.65
2021-04-11T09:00:00,8,29
2021-04-11T09:30:00,5,29.65
2021-04-11T10:00:00,4,29.9
2021-04-11T10:30:00,6,30.3
2021-04-11T11:00:00,4,31
2021-04-11T11:30:00,3,32
2021-04-11T12:00:00,4,32.35
2021-04-11T12:30:00,5,32.2
2021-04-11T13:00:00,2,32.3
2021-04-11T13:30:00,6,32.35
2021-04-11T14:00:00,3,32.75
2021-04-11T14:30:00,5,32.65
2021-04-11T15:00:00,6,32.8
2021-04-11T15:30:00,3,32.7
2021-04-11T16:00:00,2,32.75
2021-04-11T16:30:00,10,32.35
2021-04-11T17:00:00,2,32.05
2021-04-11T17:30:00,0,31.35
2021-04-11T18:00:00,4,30.6
2021-04-11T18:30:00,10,30.4
2021-04-11T19:00:00,5,30
2021-04-11T19:30:00,3,29.55
2021-04-11T20:00:00,0,29.3
2021-04-11T20:30:00,0,29.1
2021-04-11T21:00:00,0,28.95
2021-04-11T21:30:00,0,28.85
2021-04-11T22:00:00,0,28.75
2021-04-11T22:30:00,0,28.7
2021-04-11T23:00:00,0,28.65
2021-04-11T23:30:00,0,28.6
2021-04-12T00:00:00,0,28.55
2021-04-12T00:30:00,0,28.5
2021-04-12T01:00:00,0,28.35
2021-04-12T01:30:00,0,28.3
2021-04-12T02:00:00,0,28.2
2021-04-12T02:30:00,0,28.05
2021-04-12T03:00:00,,27.9
2021-04-12T03:30:00,0,27.9
2021-04-12T04:00:00,0,27.85
2021-04-12T04:30:00,0,27.8
2021-04-12T05:00:00,0,27.55
2021-04-12T05:30:00,0,27.55
2021-04-12T06:00:00,0,27.6
2021-04-12T06:30:00,0,27.55
2021-04-12T07:00:00,6,25.15
2021-04-12T07:30:00,11,24.45
2021-04-12T08:00:00,13,25
2021-04-12T08:30:00,11,25.75
2021-04-12T09:00:00,10,25.85
2021-04-12T09:30:00,13,26.25
2021-04-12T10:00:00,11,26.75
2021-04-12T10:30:00,6,28.35
2021-04-12T11:00:00,3,29.8
2021-04-12T11:30:00,3,30.55
2021-04-12T12:00:00,1,31.15
2021-04-12T12:30:00,0,31.4
2021-04-12T13:00:00,2,31.6
2021-04-12T13:30:00,6,31.9
2021-04-12T14:00:00,1,32.95
2021-04-12T14:30:00,4,32.6
2021-04-12T15:00:00,3,32.95
2021-04-12T15:30:00,2,32.7
2021-04-12T16:00:00,3,33.25
2021-04-12T16:30:00,1,32.3
2021-04-12T17:00:00,3,31.8
2021-04-12T17:30:00,5,31
2021-04-12T18:00:00,4,31.15
2021-04-12T18:30:00,6,30.45
2021-04-12T19:00:00,5,29.7
2021-04-12T19:30:00,5,29.45
2021-04-12T20:00:00,2,29.2
2021-04-12T20:30:00,0,29.1
2021-04-12T21:00:00,1,29.05
2021-04-12T21:30:00,0,29.05
2021-04-12T22:00:00,1,28.9
2021-04-12T22:30:00,0,28.75
2021-04-12T23:00:00,0,28.55
2021-04-12T23:30:00,0,28.5
2021-04-13T00:00:00,0,28.35
2021-04-13T00:30:00,0,28.2
2021-04-13T01:00:00,0,28.05
2021-04-13T01:30:00,0,28
2021-04-13T02:00:00,0,27.9
2021-04-13T02:30:00,0,27.9
2021-04-13T03:00:00,0,27.8
2021-04-13T03:30:00,0,27.8
2021-04-13T04:00:00,0,27.85
2021-04-13T04:30:00,0,27.75
2021-04-13T05:00:00,0,27.7
2021-04-13T05:30:00,0,27.7
2021-04-13T06:00:00,0,27.6
2021-04-13T06:30:00,1,27.65
2021-04-13T07:00:00,9,27.6
2021-04-13T07:30:00,11,27.85
2021-04-13T08:00:00,7,28.7
2021-04-13T08:30:00,11,28.7
2021-04-13T09:00:00,10,29.45
2021-04-13T09:30:00,11,30.05
2021-04-13T10:00:00,12,30.7
2021-04-13T10:30:00,0,31.6
2021-04-13T11:00:00,5,31.8
2021-04-13T11:30:00,5,32.05
2021-04-13T12:00:00,5,32.15
2021-04-13T12:30:00,5,31.85
2021-04-13T13:00:00,0,32.6
2021-04-13T13:30:00,2,33.5
2021-04-13T14:00:00,7,33.8
2021-04-13T14:30:00,7,32.35
2021-04-13T15:00:00,8,31.4
2021-04-13T15:30:00,3,31
2021-04-13T16:00:00,7,29.4
2021-04-13T16:30:00,5,27.05
2021-04-13T17:00:00,2,27.95
2021-04-13T17:30:00,6,28.9
2021-04-13T18:00:00,4,29.75
2021-04-13T18:30:00,3,29.2
2021-04-13T19:00:00,2,29
2021-04-13T19:30:00,0,28.75
2021-04-13T20:00:00,0,28.55
2021-04-13T20:30:00,0,28.65
2021-04-13T21:00:00,1,28.6
2021-04-13T21:30:00,3,28.5
2021-04-13T22:00:00,0,28.5
2021-04-13T22:30:00,0,28.5
2021-04-13T23:00:00,0,28.45
2021-04-13T23:30:00,0,28.4
2021-04-14T00:00:00,0,28.4
2021-04-14T00:30:00,0,28.4
2021-04-14T01:00:00,0,28.3
2021-04-14T01:30:00,0,28
2021-04-14T02:00:00,0,27.95
2021-04-14T02:30:00,0,27.75
2021-04-14T03:00:00,0,27.8
2021-04-14T03:30:00,0,27.65
2021-04-14T04:00:00,0,27.4
2021-04-14T04:30:00,0,27.35
2021-04-14T05:00:00,0,27
2021-04-14T05:30:00,0,25.9
2021-04-14T06:00:00,0,25.65
2021-04-14T06:30:00,0,24.9
2021-04-14T07:00:00,9,24.95
2021-04-14T07:30:00,8,25
2021-04-14T08:00:00,8,25.4
2021-04-14T08:30:00,11,26.15
2021-04-14T09:00:00,13,27.2
2021-04-14T09:30:00,5,28.55
2021-04-14T10:00:00,6,28.9
2021-04-14T10:30:00,8,29.5
2021-04-14T11:00:00,4,29.75
2021-04-14T11:30:00,1,29.95
2021-04-14T12:00:00,6,30.6
2021-04-14T12:30:00,4,30.85
2021-04-14T13:00:00,7,31.95
2021-04-14T13:30:00,1,32.05
2021-04-14T14:00:00,4,31.95
2021-04-14T14:30:00,3,32.2
2021-04-14T15:00:00,0,32.05
2021-04-14T15:30:00,4,32.55
2021-04-14T16:00:00,6,32.3
2021-04-14T16:30:00,5,31.65
2021-04-14T17:00:00,6,31.2
2021-04-14T17:30:00,6,32.5
2021-04-14T18:00:00,9,31.7
2021-04-14T18:30:00,7,31.5
2021-04-14T19:00:00,6,30.2
2021-04-14T19:30:00,6,29.9
2021-04-14T20:00:00,0,29.9
2021-04-14T20:30:00,0,29.7
2021-04-14T21:00:00,1,29.5
2021-04-14T21:30:00,0,29.35
2021-04-14T22:00:00,0,28.8
2021-04-14T22:30:00,2,28.55
2021-04-14T23:00:00,0,28.5
2021-04-14T23:30:00,0,28.55
2021-04-15T00:00:00,0,28.5
2021-04-15T00:30:00,0,28.5
2021-04-15T01:00:00,0,28.25
2021-04-15T01:30:00,0,28.4
2021-04-15T02:00:00,0,28.3
2021-04-15T02:30:00,0,28.2
2021-04-15T03:00:00,0,28.15
2021-04-15T03:30:00,0,28.1
2021-04-15T04:00:00,0,28.1
2021-04-15T04:30:00,0,27.95
2021-04-15T05:00:00,0,28
2021-04-15T05:30:00,0,28.1
2021-04-15T06:00:00,0,27.8
2021-04-15T06:30:00,0,27.55
2021-04-15T07:00:00,9,27.55
2021-04-15T07:30:00,9,27.65
2021-04-15T08:00:00,10,28.05
2021-04-15T08:30:00,11,28.6
2021-04-15T09:00:00,10,29.45
2021-04-15T09:30:00,9,29.8
2021-04-15T10:00:00,11,30.35
2021-04-15T10:30:00,10,31.3
2021-04-15T11:00:00,3,31.9
2021-04-15T11:30:00,6,32.3
2021-04-15T12:00:00,6,31.05
2021-04-15T12:30:00,4,30.25
2021-04-15T13:00:00,4,25.15
2021-04-15T13:30:00,1,25.5
2021-04-15T14:00:00,3,25.2
2021-04-15T14:30:00,4,25.4
2021-04-15T15:00:00,4,25.65
2021-04-15T15:30:00,3,25.5
2021-04-15T16:00:00,9,25.6
2021-04-15T16:30:00,6,25.6
2021-04-15T17:00:00,5,25.5
2021-04-15T17:30:00,7,25.5
2021-04-15T18:00:00,9,25.6
2021-04-15T18:30:00,4,25.7
2021-04-15T19:00:00,3,25.6
2021-04-15T19:30:00,2,25.7
2021-04-15T20:00:00,0,25.6
2021-04-15T20:30:00,1,26
2021-04-15T21:00:00,1,26.35
2021-04-15T21:30:00,,26.45
2021-04-15T22:00:00,1,26.55
2021-04-15T22:30:00,0,26.6
2021-04-15T23:00:00,0,26.4
2021-04-15T23:30:00,0,26.3
2021-04-16T00:00:00,0,26.45
2021-04-16T00:30:00,0,26.65
2021-04-16T01:00:00,0,26.55
2021-04-16T01:30:00,1,26.8
2021-04-16T02:00:00,0,26.75
2021-04-16T02:30:00,0,26.75
2021-04-16T03:00:00,0,26.9
2021-04-16T03:30:00,0,26.95
2021-04-16T04:00:00,0,26.8
2021-04-16T04:30:00,0,26.9
2021-04-16T05:00:00,0,26.75
2021-04-16T05:30:00,0,26.65
2021-04-16T06:00:00,0,26.9
2021-04-16T06:30:00,1,26.85
2021-04-16T07:00:00,8,26.9
2021-04-16T07:30:00,6,26.65
2021-04-16T08:00:00,9,26.45
2021-04-16T08:30:00,10,25.1
2021-04-16T09:00:00,8,26.2
2021-04-16T09:30:00,7,27.85
2021-04-16T10:00:00,8,28.6
2021-04-16T10:30:00,6,29
2021-04-16T11:00:00,3,29.45
2021-04-16T11:30:00,4,29.8
2021-04-16T12:00:00,2,30.05
2021-04-16T12:30:00,4,30.1
2021-04-16T13:00:00,4,30.15
2021-04-16T13:30:00,2,30.35
2021-04-16T14:00:00,4,30.25
2021-04-16T14:30:00,7,30.3
2021-04-16T15:00:00,3,29.9
2021-04-16T15:30:00,7,29.75
2021-04-16T16:00:00,2,29.75
2021-04-16T16:30:00,8,29.8
2021-04-16T17:00:00,4,29.85
2021-04-16T17:30:00,8,29.85
2021-04-16T18:00:00,6,29.85
2021-04-16T18:30:00,6,29.7
2021-04-16T19:00:00,6,29.35
2021-04-16T19:30:00,3,29
2021-04-16T20:00:00,2,28.8
2021-04-16T20:30:00,2,28.5
2021-04-16T21:00:00,2,28.5
2021-04-16T21:30:00,0,28.5
2021-04-16T22:00:00,0,28.35
2021-04-16T22:30:00,0,28.4
2021-04-16T23:00:00,3,28.35
2021-04-16T23:30:00,0,28.35
2021-04-17T00:00:00,0,28.15
2021-04-17T00:30:00,0,28.2
2021-04-17T01:00:00,0,28.1
2021-04-17T01:30:00,0,27.95
2021-04-17T02:00:00,0,27.7
2021-04-17T02:30:00,0,27.6
2021-04-17T03:00:00,0,27.35
2021-04-17T03:30:00,0,27.3
2021-04-17T04:00:00,0,27.15
2021-04-17T04:30:00,0,27.1
2021-04-17T05:00:00,0,27.05
2021-04-17T05:30:00,0,26.9
2021-04-17T06:00:00,0,27.05
2021-04-17T06:30:00,0,27
2021-04-17T07:00:00,5,27.05
2021-04-17T07:30:00,6,27.15
2021-04-17T08:00:00,7,27.7
2021-04-17T08:30:00,4,28.3
2021-04-17T09:00:00,6,29.35
2021-04-17T09:30:00,7,29.85
2021-04-17T10:00:00,10,30.15
2021-04-17T10:30:00,2,30.75
2021-04-17T11:00:00,5,30.25
2021-04-17T11:30:00,7,29.6
2021-04-17T12:00:00,3,25.65
2021-04-17T12:30:00,7,24.5
2021-04-17T13:00:00,1,23.95
2021-04-17T13:30:00,0,24.25
2021-04-17T14:00:00,1,24.55
2021-04-17T14:30:00,1,24.75
2021-04-17T15:00:00,4,24.05
2021-04-17T15:30:00,3,23.65
2021-04-17T16:00:00,2,23.9
2021-04-17T16:30:00,2,24
2021-04-17T17:00:00,4,24
2021-04-17T17:30:00,5,24.1
2021-04-17T18:00:00,6,24.25
2021-04-17T18:30:00,10,24.2
2021-04-17T19:00:00,8,24.3
2021-04-17T19:30:00,4,24.35
2021-04-17T20:00:00,3,24.45
2021-04-17T20:30:00,2,24.55
2021-04-17T21:00:00,0,24.7
2021-04-17T21:30:00,1,24.85
2021-04-17T22:00:00,2,25
2021-04-17T22:30:00,0,25.2
2021-04-17T23:00:00,0,25.25
2021-04-17T23:30:00,0,25.2
2021-04-18T00:00:00,1,25.5
2021-04-18T00:30:00,0,25.5
2021-04-18T01:00:00,0,25.5
2021-04-18T01:30:00,0,25.4
2021-04-18T02:00:00,0,25.2
2021-04-18T02:30:00,0,25.25
2021-04-18T03:00:00,0,25.3
2021-04-18T03:30:00,0,25.35
2021-04-18T04:00:00,0,25.5
2021-04-18T04:30:00,0,25.5
2021-04-18T05:00:00,0,25.45
2021-04-18T05:30:00,0,25.4
2021-04-18T06:00:00,0,25.35
2021-04-18T06:30:00,0,25.35
2021-04-18T07:00:00,0,25.45
2021-04-18T07:30:00,4,25.45
2021-04-18T08:00:00,2,25.7
2021-04-18T08:30:00,6,26.1
2021-04-18T09:00:00,5,26.55
2021-04-18T09:30:00,7,27.85
2021-04-18T10:00:00,7,28.3
2021-04-18T10:30:00,4,29.7
2021-04-18T11:00:00,10,30.35
2021-04-18T11:30:00,3,30.85
2021-04-18T12:00:00,2,31.25
2021-04-18T12:30:00,5,31.4
2021-04-18T13:00:00,1,32.1
2021-04-18T13:30:00,0,31.85
2021-04-18T14:00:00,3,31.55
2021-04-18T14:30:00,1,31.35
2021-04-18T15:00:00,0,31.45
2021-04-18T15:30:00,5,31.15
2021-04-18T16:00:00,5,32.5
2021-04-18T16:30:00,4,32
2021-04-18T17:00:00,5,30.85
2021-04-18T17:30:00,4,29.85
2021-04-18T18:00:00,2,28.05
2021-04-18T18:30:00,5,28.2
2021-04-18T19:00:00,9,28.65
2021-04-18T19:30:00,0,28.6
2021-04-18T20:00:00,0,28.45
2021-04-18T20:30:00,0,28.75
2021-04-18T21:00:00,0,28.85
2021-04-18T21:30:00,0,28.8
2021-04-18T22:00:00,0,28.55
2021-04-18T22:30:00,0,28.4
2021-04-18T23:00:00,0,28.4
2021-04-18T23:30:00,0,28.2
2021-04-19T00:00:00,0,28.3
2021-04-19T00:30:00,0,28.25
2021-04-19T01:00:00,0,28.1
2021-04-19T01:30:00,0,27.9
2021-04-19T02:00:00,0,27.6
2021-04-19T02:30:00,0,27.45
2021-04-19T03:00:00,0,27.25
2021-04-19T03:30:00,0,27.05
2021-04-19T04:00:00,0,27.15
2021-04-19T04:30:00,0,26.9
2021-04-19T05:00:00,0,26.9
2021-04-19T05:30:00,0,26.8
2021-04-19T06:00:00,0,26.75
2021-04-19T06:30:00,0,26.65
2021-04-19T07:00:00,5,26.6
2021-04-19T07:30:00,10,26.7
2021-04-19T08:00:00,11,27.35
2021-04-19T08:30:00,11,28.5
2021-04-19T09:00:00,12,29.45
2021-04-19T09:30:00,5,30.3
2021-04-19T10:00:00,6,30.35
2021-04-19T10:30:00,4,30.75
2021-04-19T11:00:00,4,29.4
2021-04-19T11:30:00,8,28.35
2021-04-19T12:00:00,1,27.55
2021-04-19T12:30:00,8,28.05
2021-04-19T13:00:00,3,29.4
2021-04-19T13:30:00,6,30.3
2021-04-19T14:00:00,5,31.45
2021-04-19T14:30:00,4,31.75
2021-04-19T15:00:00,6,31.15
2021-04-19T15:30:00,7,31.15
2021-04-19T16:00:00,4,30.9
2021-04-19T16:30:00,3,31.5
2021-04-19T17:00:00,9,31.1
2021-04-19T17:30:00,6,30.65
2021-04-19T18:00:00,6,30.2
2021-04-19T18:30:00,5,29.95
2021-04-19T19:00:00,5,29.55
2021-04-19T19:30:00,2,29.25
2021-04-19T20:00:00,1,29.05
2021-04-19T20:30:00,0,28.9
2021-04-19T21:00:00,0,28.75
2021-04-19T21:30:00,0,28.75
2021-04-19T22:00:00,0,28.75
2021-04-19T22:30:00,1,28.3
2021-04-19T23:00:00,1,28.05
2021-04-19T23:30:00,0,28.05
2021-04-20T00:00:00,0,27.9
2021-04-20T00:30:00,0,27.9
2021-04-20T01:00:00,0,27.9
2021-04-20T01:30:00,0,27.65
2021-04-20T02:00:00,0,27.65
2021-04-20T02:30:00,0,27.2
2021-04-20T03:00:00,0,27.25
2021-04-20T03:30:00,0,27.05
2021-04-20T04:00:00,0,27.1
2021-04-20T04:30:00,0,26.85
2021-04-20T05:00:00,0,26.95
2021-04-20T05:30:00,0,26.7
2021-04-20T06:00:00,0,27
2021-04-20T06:30:00,0,26.8
2021-04-20T07:00:00,8,26.85
2021-04-20T07:30:00,8,27
2021-04-20T08:00:00,6,27.9
2021-04-20T08:30:00,6,28.35
2021-04-20T09:00:00,6,29.7
2021-04-20T09:30:00,10,30.3
2021-04-20T10:00:00,5,31
2021-04-20T10:30:00,1,31.45
2021-04-20T11:00:00,1,31.4
2021-04-20T11:30:00,7,32.3
2021-04-20T12:00:00,2,31.95
2021-04-20T12:30:00,6,32.4
2021-04-20T13:00:00,2,32.65
2021-04-20T13:30:00,4,32.95
2021-04-20T14:00:00,0,33.1
2021-04-20T14:30:00,4,32.65
2021-04-20T15:00:00,3,33.75
2021-04-20T15:30:00,1,33.45
2021-04-20T16:00:00,0,33.15
2021-04-20T16:30:00,4,32.9
2021-04-20T17:00:00,1,32.3
2021-04-20T17:30:00,4,32.1
2021-04-20T18:00:00,7,30.7
2021-04-20T18:30:00,6,29.9
2021-04-20T19:00:00,7,29.15
2021-04-20T19:30:00,1,29.15
2021-04-20T20:00:00,1,29.15
2021-04-20T20:30:00,1,29.25
2021-04-20T21:00:00,1,29.05
2021-04-20T21:30:00,2,29.05
2021-04-20T22:00:00,0,29.2
2021-04-20T22:30:00,0,28.95
2021-04-20T23:00:00,1,28.8
2021-04-20T23:30:00,0,28.75
2021-04-21T00:00:00,0,28.7
2021-04-21T00:30:00,0,28.55
2021-04-21T01:00:00,0,28.45
2021-04-21T01:30:00,0,28.35
2021-04-21T02:00:00,0,28.3
2021-04-21T02:30:00,0,28.15
2021-04-21T03:00:00,0,28.1
2021-04-21T03:30:00,0,28.25
2021-04-21T04:00:00,0,28.2
2021-04-21T04:30:00,0,28.2
2021-04-21T05:00:00,0,28.15
2021-04-21T05:30:00,0,28.2
2021-04-21T06:00:00,0,28.2
2021-04-21T06:30:00,0,28.15
2021-04-21T07:00:00,9,28.1
2021-04-21T07:30:00,11,28.3
2021-04-21T08:00:00,7,28.75
2021-04-21T08:30:00,11,29.2
2021-04-21T09:00:00,8,29.7
2021-04-21T09:30:00,7,30.35
2021-04-21T10:00:00,6,30.75
2021-04-21T10:30:00,7,31.1
2021-04-21T11:00:00,7,31.5
2021-04-21T11:30:00,5,32.35
2021-04-21T12:00:00,3,31.95
2021-04-21T12:30:00,1,32.2
2021-04-21T13:00:00,3,32.35
2021-04-21T13:30:00,0,32.9
2021-04-21T14:00:00,,33.45
2021-04-21T14:30:00,1,33.65
2021-04-21T15:00:00,3,33.2
2021-04-21T15:30:00,1,32.45
2021-04-21T16:00:00,3,31.5
2021-04-21T16:30:00,9,30.5
2021-04-21T17:00:00,0,30.45
2021-04-21T17:30:00,7,30.3
2021-04-21T18:00:00,7,30.05
2021-04-21T18:30:00,7,29.7
2021-04-21T19:00:00,9,29.45
2021-04-21T19:30:00,2,29.3
2021-04-21T20:00:00,1,28.75
2021-04-21T20:30:00,1,28.55
2021-04-21T21:00:00,0,28.15
2021-04-21T21:30:00,0,28.3
2021-04-21T22:00:00,0,28.25
2021-04-21T22:30:00,0,28.4
2021-04-21T23:00:00,1,28.8
2021-04-21T23:30:00,0,28.85
2021-04-22T00:00:00,1,28.85
2021-04-22T00:30:00,0,28.75
2021-04-22T01:00:00,0,28.85
2021-04-22T01:30:00,0,28.85
2021-04-22T02:00:00,0,29
2021-04-22T02:30:00,0,28.85
2021-04-22T03:00:00,0,28.65
2021-04-22T03:30:00,0,28.5
2021-04-22T04:00:00,0,28.45
2021-04-22T04:30:00,0,28.25
2021-04-22T05:00:00,0,28.2
2021-04-22T05:30:00,0,27.9
2021-04-22T06:00:00,0,27.95
2021-04-22T06:30:00,0,27.9
2021-04-22T07:00:00,8,28.05
2021-04-22T07:30:00,8,28.2
2021-04-22T08:00:00,10,28.75
2021-04-22T08:30:00,9,29.3
2021-04-22T09:00:00,13,30.3
2021-04-22T09:30:00,9,30.95
2021-04-22T10:00:00,8,31.35
2021-04-22T10:30:00,10,31.5
2021-04-22T11:00:00,6,29.3
2021-04-22T11:30:00,6,27.75
2021-04-22T12:00:00,6,27.2
2021-04-22T12:30:00,6,26.75
2021-04-22T13:00:00,4,26.7
2021-04-22T13:30:00,4,27.45
2021-04-22T14:00:00,7,27.05
2021-04-22T14:30:00,6,27.1
2021-04-22T15:00:00,5,27.2
2021-04-22T15:30:00,3,27.35
2021-04-22T16:00:00,7,27.7
2021-04-22T16:30:00,4,27.7
2021-04-22T17:00:00,4,27.85
2021-04-22T17:30:00,5,27.1
2021-04-22T18:00:00,5,27.15
2021-04-22T18:30:00,6,27.3
2021-04-22T19:00:00,5,27.4
2021-04-22T19:30:00,1,27.4
2021-04-22T20:00:00,0,27.45
2021-04-22T20:30:00,0,27.35
2021-04-22T21:00:00,0,27.15
2021-04-22T21:30:00,0,27.1
2021-04-22T22:00:00,0,27.2
2021-04-22T22:30:00,2,27.3
2021-04-22T23:00:00,0,27.35
2021-04-22T23:30:00,0,27.3
2021-04-23T00:00:00,0,27.25
2021-04-23T00:30:00,0,27.25
2021-04-23T01:00:00,0,27.25
2021-04-23T01:30:00,0,27.25
2021-04-23T02:00:00,0,27.3
2021-04-23T02:30:00,0,27.25
2021-04-23T03:00:00,0,27.2
2021-04-23T03:30:00,0,27.3
2021-04-23T04:00:00,0,27.2
2021-04-23T04:30:00,0,26.75
2021-04-23T05:00:00,0,26.85
2021-04-23T05:30:00,0,26.75
2021-04-23T06:00:00,1,26.15
2021-04-23T06:30:00,0,26
2021-04-23T07:00:00,5,25.95
2021-04-23T07:30:00,6,26.25
2021-04-23T08:00:00,9,26.75
2021-04-23T08:30:00,7,27.9
2021-04-23T09:00:00,9,28.4
2021-04-23T09:30:00,9,28.65
2021-04-23T10:00:00,8,28.95
2021-04-23T10:30:00,0,29.5
2021-04-23T11:00:00,3,30.45
2021-04-23T11:30:00,8,31.4
2021-04-23T12:00:00,0,31.55
2021-04-23T12:30:00,6,32.1
2021-04-23T13:00:00,7,32.15
2021-04-23T13:30:00,5,32.15
2021-04-23T14:00:00,4,32
2021-04-23T14:30:00,7,31.7
2021-04-23T15:00:00,5,31.9
2021-04-23T15:30:00,0,31.75
2021-04-23T16:00:00,5,32.05
2021-04-23T16:30:00,1,32.25
2021-04-23T17:00:00,3,32.75
2021-04-23T17:30:00,5,31.75
2021-04-23T18:00:00,8,31.9
2021-04-23T18:30:00,7,31.2
2021-04-23T19:00:00,4,30.8
2021-04-23T19:30:00,3,30.55
2021-04-23T20:00:00,1,30.25
2021-04-23T20:30:00,1,30.1
2021-04-23T21:00:00,0,29.9
2021-04-23T21:30:00,0,29.9
2021-04-23T22:00:00,4,29.75
2021-04-23T22:30:00,0,29.6
2021-04-23T23:00:00,2,29.35
2021-04-23T23:30:00,0,29.25
2021-04-24T00:00:00,3,29.15
2021-04-24T00:30:00,1,28.9
2021-04-24T01:00:00,0,28.85
2021-04-24T01:30:00,0,28.8
2021-04-24T02:00:00,0,28.75
2021-04-24T02:30:00,0,28.6
2021-04-24T03:00:00,0,28.7
2021-04-24T03:30:00,0,28.7
2021-04-24T04:00:00,0,28.55
2021-04-24T04:30:00,0,28.45
2021-04-24T05:00:00,0,28.45
2021-04-24T05:30:00,0,28.35
2021-04-24T06:00:00,0,25.75
2021-04-24T06:30:00,0,24.55
2021-04-24T07:00:00,1,24.65
2021-04-24T07:30:00,6,24.9
2021-04-24T08:00:00,6,24.95
2021-04-24T08:30:00,4,24.9
2021-04-24T09:00:00,1,24.9
2021-04-24T09:30:00,1,25.15
2021-04-24T10:00:00,1,25.05
2021-04-24T10:30:00,0,25.1
2021-04-24T11:00:00,5,25.15
2021-04-24T11:30:00,5,25.25
2021-04-24T12:00:00,8,25.4
2021-04-24T12:30:00,6,25.75
2021-04-24T13:00:00,11,26.05
2021-04-24T13:30:00,5,26.3
2021-04-24T14:00:00,2,26.55
2021-04-24T14:30:00,6,26.85
2021-04-24T15:00:00,7,27.15
2021-04-24T15:30:00,6,27.25
2021-04-24T16:00:00,3,27.55
2021-04-24T16:30:00,7,28.1
2021-04-24T17:00:00,6,28.25
2021-04-24T17:30:00,5,28.25
2021-04-24T18:00:00,7,28.3
2021-04-24T18:30:00,6,28.35
2021-04-24T19:00:00,3,27.75
2021-04-24T19:30:00,,27.45
2021-04-24T20:00:00,0,27.25
2021-04-24T20:30:00,1,27.25
